testcase,model,edit format,passed tests,error outputs,cost,duration
binary-search-tree,gpt-3.5-turbo-16k,None,True,0,0.004361,10.872537851333618
nucleotide-count,gpt-3.5-turbo-16k,None,True,0,0.0020740000000000003,3.895902156829834
two-bucket,gpt-3.5-turbo-16k,None,False,0,0.01279,18.28615379333496
nth-prime,gpt-3.5-turbo-16k,None,True,0,0.002252,2.8975250720977783
list-ops,gpt-3.5-turbo-16k,None,False,2,0.009392000000000001,21.526814460754395
grade-school,gpt-3.5-turbo-16k,None,False,0,0.008230000000000001,9.096613645553589
pangram,gpt-3.5-turbo-16k,None,True,0,0.00162,1.3089277744293213